id,true,pred,conf
s0113,2,1,0.820489
s0101,1,0,0.789449
s0026,2,0,0.777296
s0125,1,2,0.774268
s0022,0,1,0.753171
s0041,2,1,0.718379
s0027,2,1,0.702106
s0056,2,0,0.691574
s0030,2,1,0.67798
s0150,0,1,0.677299
s0196,0,2,0.666911
s0189,1,2,0.63297
s0160,0,1,0.618588
s0161,0,1,0.614409
s0111,1,0,0.612452
s0015,1,0,0.611764
s0058,2,1,0.610546
s0165,2,0,0.608562
s0151,1,2,0.599455
s0166,0,2,0.590005
